what,kind,bundleId,bundleVersion,description,time
started,bundle,org.eclipse.mylyn.commons.notifications.ui,0.9.1.v20120425-0100,"org.eclipse.mylyn.commons.notifications.ui",1372973695544
started,bundle,org.eclipse.mylyn.commons.ui,3.7.1.v20120425-0100,"org.eclipse.mylyn.commons.ui",1372973695546
started,bundle,org.eclipse.mylyn.commons.workbench,3.7.1.v20120425-0100,"org.eclipse.mylyn.commons.workbench",1372973695559
started,bundle,org.eclipse.mylyn.context.core,3.7.1.v20120425-0100,"org.eclipse.mylyn.context.core",1372973695559
started,bundle,org.eclipse.mylyn.context.tasks.ui,3.7.1.v20120425-0100,"org.eclipse.mylyn.context.tasks.ui",1372973695572
started,bundle,org.eclipse.mylyn.monitor.ui,3.7.1.v20120425-0100,"org.eclipse.mylyn.monitor.ui",1372973695572
started,bundle,org.eclipse.mylyn.tasks.index.core,3.7.1.v20120425-0100,"org.eclipse.mylyn.tasks.index.core",1372973695572
started,bundle,org.eclipse.mylyn.tasks.ui,3.7.1.v20120425-0100,"org.eclipse.mylyn.tasks.ui",1372973695587
started,bundle,org.eclipse.mylyn.team.ui,3.7.1.v20120425-0100,"org.eclipse.mylyn.team.ui",1372973695601
os,sysinfo,,,"linux",1372973695604
arch,sysinfo,,,"x86_64",1372973695604
ws,sysinfo,,,"gtk",1372973695604
locale,sysinfo,,,"en_US",1372973695604
processors,sysinfo,,,"6",1372973695604
java.runtime.name,sysinfo,,,"Java(TM) SE Runtime Environment",1372973695604
java.runtime.version,sysinfo,,,"1.7.0_21-b11",1372973695604
java.specification.name,sysinfo,,,"Java Platform API Specification",1372973695604
java.specification.vendor,sysinfo,,,"Oracle Corporation",1372973695604
java.specification.version,sysinfo,,,"1.7",1372973695604
java.vendor,sysinfo,,,"Oracle Corporation",1372973695604
java.version,sysinfo,,,"1.7.0_21",1372973695604
java.vm.info,sysinfo,,,"mixed mode",1372973695604
java.vm.name,sysinfo,,,"Java HotSpot(TM) 64-Bit Server VM",1372973695604
java.vm.specification.name,sysinfo,,,"Java Virtual Machine Specification",1372973695604
java.vm.specification.vendor,sysinfo,,,"Oracle Corporation",1372973695604
java.vm.specification.version,sysinfo,,,"1.7",1372973695604
java.vm.vendor,sysinfo,,,"Oracle Corporation",1372973695604
java.vm.version,sysinfo,,,"23.21-b01",1372973695604
error,log,,,"fileChanged: failed to find manifest package for project ProjectOGC",1372973695867
started,bundle,org.eclipse.wst.sse.core,1.1.504.v201102160550,"org.eclipse.wst.sse.core",1372973696038
started,bundle,org.eclipse.wst.xml.core,1.1.503.v201102102045,"org.eclipse.wst.xml.core",1372973696172
started,bundle,org.eclipse.ant.ui,3.5.0.v20100427,"org.eclipse.ant.ui",1372973696243
started,bundle,org.eclipse.wst.common.uriresolver,1.1.401.v201004280700,"org.eclipse.wst.common.uriresolver",1372973696293
activated,workbench,org.eclipse.ui.workbench,3.6.2.M20110210-1200,"",1372973697438
deactivated,workbench,org.eclipse.ui.workbench,3.6.2.M20110210-1200,"",1372973697473
activated,workbench,org.eclipse.ui.workbench,3.6.2.M20110210-1200,"",1372973714276
activated,view,org.eclipse.jdt.ui,3.6.2.r362_v20110203,"org.eclipse.jdt.ui.PackageExplorer",1372973716489
started,bundle,org.eclipse.compare,3.5.101.R36x_v20100929-0800,"org.eclipse.compare",1372973717569
executed,command,org.eclipse.ui,3.6.2.M20110203-1100,"org.eclipse.ui.file.refresh",1372973719901
deactivated,workbench,org.eclipse.ui.workbench,3.6.2.M20110210-1200,"",1372973721613
activated,workbench,org.eclipse.ui.workbench,3.6.2.M20110210-1200,"",1372973722394
activated,editor,org.eclipse.jdt.ui,3.6.2.r362_v20110203,"org.eclipse.jdt.ui.CompilationUnitEditor",1372973724716
started,bundle,org.eclipse.debug.ui,3.6.3.v20101201_r362,"org.eclipse.debug.ui",1372973727988
started,bundle,org.eclipse.jdt.junit.core,3.6.1.r361_v20100825-0800,"org.eclipse.jdt.junit.core",1372973728123
started,bundle,org.eclipse.jdt.junit,3.6.1.r361_v20100825-0800,"org.eclipse.jdt.junit",1372973728137
started,bundle,org.eclipse.jdt.debug,3.6.1.v20100715_r361,"org.eclipse.jdt.debug",1372973728310
started,bundle,org.eclipse.jdt.debug.ui,3.5.2.v20100928a_r362,"org.eclipse.jdt.debug.ui",1372973728410
deactivated,workbench,org.eclipse.ui.workbench,3.6.2.M20110210-1200,"",1372973735885
activated,workbench,org.eclipse.ui.workbench,3.6.2.M20110210-1200,"",1372973738105
deactivated,workbench,org.eclipse.ui.workbench,3.6.2.M20110210-1200,"",1372973781688
activated,workbench,org.eclipse.ui.workbench,3.6.2.M20110210-1200,"",1372973782765
executed,command,org.eclipse.ui,3.6.2.M20110203-1100,"org.eclipse.ui.file.save",1372973948759
deactivated,workbench,org.eclipse.ui.workbench,3.6.2.M20110210-1200,"",1372973951033
activated,workbench,org.eclipse.ui.workbench,3.6.2.M20110210-1200,"",1372973952478
deactivated,workbench,org.eclipse.ui.workbench,3.6.2.M20110210-1200,"",1372974025752
activated,workbench,org.eclipse.ui.workbench,3.6.2.M20110210-1200,"",1372974026904
deactivated,workbench,org.eclipse.ui.workbench,3.6.2.M20110210-1200,"",1372974028670
activated,workbench,org.eclipse.ui.workbench,3.6.2.M20110210-1200,"",1372974034949
deactivated,workbench,org.eclipse.ui.workbench,3.6.2.M20110210-1200,"",1372974059361
activated,workbench,org.eclipse.ui.workbench,3.6.2.M20110210-1200,"",1372974061148
deactivated,workbench,org.eclipse.ui.workbench,3.6.2.M20110210-1200,"",1372974062824
activated,workbench,org.eclipse.ui.workbench,3.6.2.M20110210-1200,"",1372974067056
executed,command,org.eclipse.ui,3.6.2.M20110203-1100,"org.eclipse.ui.edit.delete",1372974190513
deactivated,workbench,org.eclipse.ui.workbench,3.6.2.M20110210-1200,"",1372974215407
activated,workbench,org.eclipse.ui.workbench,3.6.2.M20110210-1200,"",1372974216767
deactivated,workbench,org.eclipse.ui.workbench,3.6.2.M20110210-1200,"",1372974218465
activated,workbench,org.eclipse.ui.workbench,3.6.2.M20110210-1200,"",1372974219790
deactivated,workbench,org.eclipse.ui.workbench,3.6.2.M20110210-1200,"",1372974294016
activated,workbench,org.eclipse.ui.workbench,3.6.2.M20110210-1200,"",1372974298587
deactivated,workbench,org.eclipse.ui.workbench,3.6.2.M20110210-1200,"",1372974358348
activated,workbench,org.eclipse.ui.workbench,3.6.2.M20110210-1200,"",1372974359510
deactivated,workbench,org.eclipse.ui.workbench,3.6.2.M20110210-1200,"",1372974372458
activated,workbench,org.eclipse.ui.workbench,3.6.2.M20110210-1200,"",1372974379876
activated,view,com.android.ide.eclipse.ddms,22.0.1.v201305230001--685705,"com.android.ide.eclipse.ddms.views.LogCatView",1372974380022
activated,editor,org.eclipse.jdt.ui,3.6.2.r362_v20110203,"org.eclipse.jdt.ui.CompilationUnitEditor",1372974397427
deactivated,workbench,org.eclipse.ui.workbench,3.6.2.M20110210-1200,"",1372974400702
activated,workbench,org.eclipse.ui.workbench,3.6.2.M20110210-1200,"",1372974401879
deactivated,workbench,org.eclipse.ui.workbench,3.6.2.M20110210-1200,"",1372974403384
activated,workbench,org.eclipse.ui.workbench,3.6.2.M20110210-1200,"",1372974406217
deactivated,workbench,org.eclipse.ui.workbench,3.6.2.M20110210-1200,"",1372974436182
executed,command,org.eclipse.ui,3.6.2.M20110203-1100,"org.eclipse.ui.file.export",1372974632536
activated,workbench,org.eclipse.ui.workbench,3.6.2.M20110210-1200,"",1372974632576
deactivated,workbench,org.eclipse.ui.workbench,3.6.2.M20110210-1200,"",1372974686758
closed,workbench,org.eclipse.ui.workbench,3.6.2.M20110210-1200,"",1372976219542
stopped,bundle,org.eclipse.mylyn.ide.ant,3.7.1.v20120425-0100,"org.eclipse.mylyn.ide.ant",1372976219927
stopped,bundle,org.eclipse.ant.ui,3.5.0.v20100427,"org.eclipse.ant.ui",1372976219932
stopped,bundle,org.eclipse.ant.launching,1.0.1.v20101020_r362,"org.eclipse.ant.launching",1372976219955
stopped,bundle,org.eclipse.equinox.p2.ui.sdk,1.0.100.v20100513,"org.eclipse.equinox.p2.ui.sdk",1372976219967
stopped,bundle,overlay.com.android.ide.eclipse.adt.overlay,22.0.1.v201305230001--685705,"overlay.com.android.ide.eclipse.adt.overlay",1372976220021
stopped,bundle,com.android.ide.eclipse.adt,22.0.1.v201305230001--685705,"com.android.ide.eclipse.adt",1372976220022
stopped,bundle,org.eclipse.mylyn.java.tasks,3.7.1.v20120425-0100,"org.eclipse.mylyn.java.tasks",1372976220058
stopped,bundle,org.eclipse.mylyn.java.ui,3.7.1.v20120425-0100,"org.eclipse.mylyn.java.ui",1372976220087
stopped,bundle,org.eclipse.jdt.junit,3.6.1.r361_v20100825-0800,"org.eclipse.jdt.junit",1372976220087
stopped,bundle,org.eclipse.jdt.apt.ui,3.3.300.v20100513-0845,"org.eclipse.jdt.apt.ui",1372976220101
stopped,bundle,org.eclipse.jdt.debug.ui,3.5.2.v20100928a_r362,"org.eclipse.jdt.debug.ui",1372976220102
stopped,bundle,org.eclipse.jdt.ui,3.6.2.r362_v20110203,"org.eclipse.jdt.ui",1372976220102
stopped,bundle,org.eclipse.wst.dtd.ui,1.0.500.v201004290328,"org.eclipse.wst.dtd.ui",1372976220107
stopped,bundle,org.eclipse.wst.xsd.ui,1.2.304.v201101251958,"org.eclipse.wst.xsd.ui",1372976220121
stopped,bundle,org.eclipse.wst.xml.ui,1.1.103.v201101122108,"org.eclipse.wst.xml.ui",1372976220121
stopped,bundle,org.eclipse.wst.common.ui,1.1.500.v200911190730,"org.eclipse.wst.common.ui",1372976220146
stopped,bundle,org.eclipse.wst.sse.ui,1.2.3.v201102102045,"org.eclipse.wst.sse.ui",1372976220172
stopped,bundle,org.eclipse.search,3.6.0.v20100520-0800,"org.eclipse.search",1372976220173
stopped,bundle,org.eclipse.mylyn.commons.team,0.9.1.v20120412-0100,"org.eclipse.mylyn.commons.team",1372976220181
stopped,bundle,org.eclipse.mylyn.team.ui,3.7.1.v20120425-0100,"org.eclipse.mylyn.team.ui",1372976220182
stopped,bundle,org.eclipse.ui.navigator.resources,3.4.202.M20101124-0800,"org.eclipse.ui.navigator.resources",1372976220201
stopped,bundle,org.eclipse.ltk.ui.refactoring,3.5.0.v20100526-0800,"org.eclipse.ltk.ui.refactoring",1372976220202
stopped,bundle,org.eclipse.team.cvs.ui,3.3.302.R36x_v20110203-1036,"org.eclipse.team.cvs.ui",1372976220202
stopped,bundle,org.eclipse.team.ui,3.5.102.R36x_v20110203-1036,"org.eclipse.team.ui",1372976220202
stopped,bundle,org.eclipse.mylyn.bugzilla.ui,3.7.1.v20120425-0100,"org.eclipse.mylyn.bugzilla.ui",1372976220202
stopped,bundle,org.eclipse.mylyn.ide.ui,3.7.1.v20120425-0100,"org.eclipse.mylyn.ide.ui",1372976220211
stopped,bundle,org.eclipse.mylyn.resources.ui,3.7.1.v20120425-0100,"org.eclipse.mylyn.resources.ui",1372976220211
stopped,bundle,org.eclipse.mylyn.context.tasks.ui,3.7.1.v20120425-0100,"org.eclipse.mylyn.context.tasks.ui",1372976220211
stopped,bundle,org.eclipse.mylyn.help.ui,3.7.1.v20120425-0100,"org.eclipse.mylyn.help.ui",1372976220229
stopped,bundle,org.eclipse.mylyn.tasks.bugs,3.7.1.v20120425-0100,"org.eclipse.mylyn.tasks.bugs",1372976220240
stopped,bundle,org.eclipse.mylyn.wikitext.tasks.ui,1.6.1.v20120425-0100,"org.eclipse.mylyn.wikitext.tasks.ui",1372976220252
stopped,bundle,org.eclipse.mylyn.tasks.ui,3.7.1.v20120425-0100,"org.eclipse.mylyn.tasks.ui",1372976220252
stopped,bundle,org.eclipse.compare,3.5.101.R36x_v20100929-0800,"org.eclipse.compare",1372976220252
stopped,bundle,org.eclipse.ui.externaltools,3.2.0.v20100427,"org.eclipse.ui.externaltools",1372976220260
stopped,bundle,org.eclipse.debug.ui,3.6.3.v20101201_r362,"org.eclipse.debug.ui",1372976220260
stopped,bundle,com.android.ide.eclipse.gldebugger,22.0.1.v201305230001--685705,"com.android.ide.eclipse.gldebugger",1372976220261
stopped,bundle,com.android.ide.eclipse.hierarchyviewer,22.0.1.v201305230001--685705,"com.android.ide.eclipse.hierarchyviewer",1372976220261
stopped,bundle,com.android.ide.eclipse.traceview,22.0.1.v201305230001--685705,"com.android.ide.eclipse.traceview",1372976220261
stopped,bundle,com.android.ide.eclipse.ddms,22.0.1.v201305230001--685705,"com.android.ide.eclipse.ddms",1372976220266
stopped,bundle,org.eclipse.ui.console,3.5.0.v20100526,"org.eclipse.ui.console",1372976220268
stopped,bundle,org.eclipse.mylyn.commons.notifications,0.9.1.v20120412-0100,"org.eclipse.mylyn.commons.notifications",1372976220276
stopped,bundle,org.eclipse.mylyn.commons.notifications.ui,0.9.1.v20120425-0100,"org.eclipse.mylyn.commons.notifications.ui",1372976220276
stopped,bundle,org.eclipse.mylyn.commons.repositories.ui,0.9.1.v20120425-0100,"org.eclipse.mylyn.commons.repositories.ui",1372976220277
activated,perspective,org.eclipse.jdt.ui,,"org.eclipse.jdt.ui.JavaPerspective",1373035708291
started,bundle,org.eclipse.osgi,3.6.2.R36x_v20110210,"org.eclipse.osgi",1373035708292
started,bundle,org.eclipse.equinox.simpleconfigurator,1.0.200.v20100503,"org.eclipse.equinox.simpleconfigurator",1373035708293
started,bundle,com.ibm.icu,4.2.1.v20100412,"com.ibm.icu",1373035708295
started,bundle,org.eclipse.compare.core,3.5.101.R36x_v20100929-0800,"org.eclipse.compare.core",1373035708296
started,bundle,org.eclipse.core.contenttype,3.4.100.v20100505-1235,"org.eclipse.core.contenttype",1373035708302
started,bundle,org.eclipse.core.databinding.observable,1.3.0.I20100601-0800,"org.eclipse.core.databinding.observable",1373035708312
started,bundle,org.eclipse.core.expressions,3.4.200.v20100505,"org.eclipse.core.expressions",1373035708328
started,bundle,org.eclipse.core.filebuffers,3.5.100.v20100520-0800,"org.eclipse.core.filebuffers",1373035708334
started,bundle,org.eclipse.core.filesystem,1.3.1.R36x_v20100727-0745,"org.eclipse.core.filesystem",1373035708336
started,bundle,org.eclipse.core.jobs,3.5.1.R36x_v20100824,"org.eclipse.core.jobs",1373035708359
started,bundle,org.eclipse.core.net,1.2.100.I20100511-0800,"org.eclipse.core.net",1373035708361
started,bundle,org.eclipse.core.resources,3.6.1.R36x_v20110131-1630,"org.eclipse.core.resources",1373035708377
started,bundle,org.eclipse.core.runtime,3.6.0.v20100505,"org.eclipse.core.runtime",1373035708379
started,bundle,org.eclipse.core.runtime.compatibility,3.2.100.v20100505,"org.eclipse.core.runtime.compatibility",1373035708383
started,bundle,org.eclipse.core.runtime.compatibility.auth,3.2.200.v20100517,"org.eclipse.core.runtime.compatibility.auth",1373035708397
started,bundle,org.eclipse.core.variables,3.2.400.v20100505,"org.eclipse.core.variables",1373035708398
started,bundle,org.eclipse.debug.core,3.6.0.v20100519,"org.eclipse.debug.core",1373035708404
started,bundle,org.eclipse.epp.usagedata.gathering,1.3.1.R201102081640,"org.eclipse.epp.usagedata.gathering",1373035708405
started,bundle,org.eclipse.epp.usagedata.recording,1.3.1.R201102081640,"org.eclipse.epp.usagedata.recording",1373035708407
started,bundle,org.eclipse.equinox.app,1.3.1.R36x_v20100803,"org.eclipse.equinox.app",1373035708414
started,bundle,org.eclipse.equinox.common,3.6.0.v20100503,"org.eclipse.equinox.common",1373035708426
started,bundle,org.eclipse.equinox.ds,1.2.1.R36x_v20100803,"org.eclipse.equinox.ds",1373035708431
started,bundle,org.eclipse.equinox.event,1.2.0.v20100503,"org.eclipse.equinox.event",1373035708433
started,bundle,org.eclipse.equinox.p2.core,2.0.3.R36x_v20110111,"org.eclipse.equinox.p2.core",1373035708434
started,bundle,org.eclipse.equinox.p2.directorywatcher,1.0.203.R36x_v20101220,"org.eclipse.equinox.p2.directorywatcher",1373035708447
started,bundle,org.eclipse.equinox.p2.engine,2.0.1.R36x_v20110201,"org.eclipse.equinox.p2.engine",1373035708453
started,bundle,org.eclipse.equinox.p2.metadata,2.0.1.R36x_v20101202,"org.eclipse.equinox.p2.metadata",1373035708459
started,bundle,org.eclipse.equinox.p2.metadata.repository,1.1.0.v20100513,"org.eclipse.equinox.p2.metadata.repository",1373035708461
started,bundle,org.eclipse.equinox.p2.operations,2.0.0.v20100510,"org.eclipse.equinox.p2.operations",1373035708462
started,bundle,org.eclipse.equinox.p2.reconciler.dropins,1.1.2.R36x_v20110114,"org.eclipse.equinox.p2.reconciler.dropins",1373035708474
started,bundle,org.eclipse.equinox.p2.repository,2.0.2.R36x_v20110111-1500,"org.eclipse.equinox.p2.repository",1373035708482
started,bundle,org.eclipse.equinox.p2.ui.sdk.scheduler,1.0.0.v20100507-1815,"org.eclipse.equinox.p2.ui.sdk.scheduler",1373035708484
started,bundle,org.eclipse.equinox.p2.updatechecker,1.1.101.R36x_v20100823,"org.eclipse.equinox.p2.updatechecker",1373035708485
started,bundle,org.eclipse.equinox.preferences,3.3.0.v20100503,"org.eclipse.equinox.preferences",1373035708487
started,bundle,org.eclipse.equinox.registry,3.5.0.v20100503,"org.eclipse.equinox.registry",1373035708493
started,bundle,org.eclipse.equinox.security,1.0.200.v20100503,"org.eclipse.equinox.security",1373035708506
started,bundle,org.eclipse.equinox.util,1.0.200.v20100503,"org.eclipse.equinox.util",1373035708519
started,bundle,org.eclipse.help,3.5.0.v20100524,"org.eclipse.help",1373035708533
started,bundle,org.eclipse.jdt.apt.core,3.3.402.R36_v20110120-1000,"org.eclipse.jdt.apt.core",1373035708542
started,bundle,org.eclipse.jdt.core,3.6.2.v_A76_R36x,"org.eclipse.jdt.core",1373035708548
started,bundle,org.eclipse.jdt.core.manipulation,1.3.0.v20100520-0800,"org.eclipse.jdt.core.manipulation",1373035708562
started,bundle,org.eclipse.jdt.launching,3.5.200.v20110105_r362,"org.eclipse.jdt.launching",1373035708573
started,bundle,org.eclipse.jdt.ui,3.6.2.r362_v20110203,"org.eclipse.jdt.ui",1373035708573
started,bundle,org.eclipse.jface,3.6.2.M20110210-1200,"org.eclipse.jface",1373035708580
started,bundle,org.eclipse.jsch.core,1.1.200.I20100505-1245,"org.eclipse.jsch.core",1373035708581
started,bundle,org.eclipse.ltk.core.refactoring,3.5.101.r362_v20101117-0800,"org.eclipse.ltk.core.refactoring",1373035708583
started,bundle,org.eclipse.ltk.ui.refactoring,3.5.0.v20100526-0800,"org.eclipse.ltk.ui.refactoring",1373035708585
started,bundle,org.eclipse.search,3.6.0.v20100520-0800,"org.eclipse.search",1373035708587
started,bundle,org.eclipse.team.core,3.5.101.R36x_v20110203-1036,"org.eclipse.team.core",1373035708589
started,bundle,org.eclipse.team.cvs.core,3.3.301.R36x_v20110119-0815,"org.eclipse.team.cvs.core",1373035708602
started,bundle,org.eclipse.team.cvs.ui,3.3.302.R36x_v20110203-1036,"org.eclipse.team.cvs.ui",1373035708612
started,bundle,org.eclipse.team.ui,3.5.102.R36x_v20110203-1036,"org.eclipse.team.ui",1373035708624
started,bundle,org.eclipse.ui,3.6.2.M20110203-1100,"org.eclipse.ui",1373035708635
started,bundle,org.eclipse.ui.console,3.5.0.v20100526,"org.eclipse.ui.console",1373035708647
started,bundle,org.eclipse.ui.editors,3.6.1.r361_v20100825-0800,"org.eclipse.ui.editors",1373035708647
started,bundle,org.eclipse.ui.forms,3.5.2.r36_v20100702,"org.eclipse.ui.forms",1373035708651
started,bundle,org.eclipse.ui.ide,3.6.2.M20101201-0800,"org.eclipse.ui.ide",1373035708663
started,bundle,org.eclipse.ui.net,1.2.100.I20100505-1245,"org.eclipse.ui.net",1373035708664
started,bundle,org.eclipse.ui.views,3.5.1.M20110202-0800,"org.eclipse.ui.views",1373035708666
started,bundle,org.eclipse.ui.workbench,3.6.2.M20110210-1200,"org.eclipse.ui.workbench",1373035708672
started,bundle,org.eclipse.ui.workbench.texteditor,3.6.1.r361_v20100714-0800,"org.eclipse.ui.workbench.texteditor",1373035708682
started,bundle,org.eclipse.update.configurator,3.3.100.v20100512,"org.eclipse.update.configurator",1373035708690
started,bundle,org.eclipse.update.core,3.2.402.R36x_v20100629,"org.eclipse.update.core",1373035708691
started,bundle,org.eclipse.update.scheduler,3.2.300.v20100512,"org.eclipse.update.scheduler",1373035708700
started,bundle,com.android.ide.eclipse.adt,22.0.1.v201305230001--685705,"com.android.ide.eclipse.adt",1373035708700
started,bundle,com.android.ide.eclipse.base,22.0.1.v201305230001--685705,"com.android.ide.eclipse.base",1373035708705
started,bundle,com.android.ide.eclipse.ddms,22.0.1.v201305230001--685705,"com.android.ide.eclipse.ddms",1373035708711
started,bundle,org.eclipse.mylyn.bugzilla.core,3.7.1.v20120425-0100,"org.eclipse.mylyn.bugzilla.core",1373035708721
started,bundle,org.eclipse.mylyn.bugzilla.ui,3.7.1.v20120425-0100,"org.eclipse.mylyn.bugzilla.ui",1373035708731
started,bundle,org.eclipse.mylyn.commons.core,3.7.1.v20120425-0100,"org.eclipse.mylyn.commons.core",1373035708745
started,bundle,org.eclipse.mylyn.commons.net,3.7.1.v20120425-0100,"org.eclipse.mylyn.commons.net",1373035708745
started,bundle,org.eclipse.mylyn.commons.notifications.core,0.9.1.v20120425-0100,"org.eclipse.mylyn.commons.notifications.core",1373035708747
started,bundle,org.eclipse.mylyn.commons.notifications.feed,0.9.1.v20120425-0100,"org.eclipse.mylyn.commons.notifications.feed",1373035708748
started,bundle,org.eclipse.mylyn.commons.notifications.ui,0.9.1.v20120425-0100,"org.eclipse.mylyn.commons.notifications.ui",1373035708749
started,bundle,org.eclipse.mylyn.commons.ui,3.7.1.v20120425-0100,"org.eclipse.mylyn.commons.ui",1373035708751
started,bundle,org.eclipse.mylyn.commons.workbench,3.7.1.v20120425-0100,"org.eclipse.mylyn.commons.workbench",1373035708760
started,bundle,org.eclipse.mylyn.context.core,3.7.1.v20120425-0100,"org.eclipse.mylyn.context.core",1373035708769
started,bundle,org.eclipse.mylyn.context.tasks.ui,3.7.1.v20120425-0100,"org.eclipse.mylyn.context.tasks.ui",1373035708772
started,bundle,org.eclipse.mylyn.monitor.ui,3.7.1.v20120425-0100,"org.eclipse.mylyn.monitor.ui",1373035708774
started,bundle,org.eclipse.mylyn.tasks.index.core,3.7.1.v20120425-0100,"org.eclipse.mylyn.tasks.index.core",1373035708775
started,bundle,org.eclipse.mylyn.tasks.ui,3.7.1.v20120425-0100,"org.eclipse.mylyn.tasks.ui",1373035708788
started,bundle,org.eclipse.mylyn.team.ui,3.7.1.v20120425-0100,"org.eclipse.mylyn.team.ui",1373035708790
os,sysinfo,,,"linux",1373035708796
arch,sysinfo,,,"x86_64",1373035708796
ws,sysinfo,,,"gtk",1373035708796
locale,sysinfo,,,"en_US",1373035708796
processors,sysinfo,,,"6",1373035708796
java.runtime.name,sysinfo,,,"Java(TM) SE Runtime Environment",1373035708796
java.runtime.version,sysinfo,,,"1.7.0_21-b11",1373035708796
java.specification.name,sysinfo,,,"Java Platform API Specification",1373035708796
java.specification.vendor,sysinfo,,,"Oracle Corporation",1373035708796
java.specification.version,sysinfo,,,"1.7",1373035708796
java.vendor,sysinfo,,,"Oracle Corporation",1373035708796
java.version,sysinfo,,,"1.7.0_21",1373035708796
java.vm.info,sysinfo,,,"mixed mode",1373035708796
java.vm.name,sysinfo,,,"Java HotSpot(TM) 64-Bit Server VM",1373035708796
java.vm.specification.name,sysinfo,,,"Java Virtual Machine Specification",1373035708797
java.vm.specification.vendor,sysinfo,,,"Oracle Corporation",1373035708797
java.vm.specification.version,sysinfo,,,"1.7",1373035708797
java.vm.vendor,sysinfo,,,"Oracle Corporation",1373035708797
java.vm.version,sysinfo,,,"23.21-b01",1373035708797
started,bundle,com.android.ide.eclipse.traceview,22.0.1.v201305230001--685705,"com.android.ide.eclipse.traceview",1373035711202
activated,view,org.eclipse.jdt.ui,3.6.2.r362_v20110203,"org.eclipse.jdt.ui.PackageExplorer",1373035715779
started,bundle,org.eclipse.compare,3.5.101.R36x_v20100929-0800,"org.eclipse.compare",1373035718187
deactivated,workbench,org.eclipse.ui.workbench,3.6.2.M20110210-1200,"",1373035726930
activated,workbench,org.eclipse.ui.workbench,3.6.2.M20110210-1200,"",1373035857044
deactivated,workbench,org.eclipse.ui.workbench,3.6.2.M20110210-1200,"",1373035859426
activated,workbench,org.eclipse.ui.workbench,3.6.2.M20110210-1200,"",1373035899676
deactivated,workbench,org.eclipse.ui.workbench,3.6.2.M20110210-1200,"",1373035904878
activated,workbench,org.eclipse.ui.workbench,3.6.2.M20110210-1200,"",1373035914302
deactivated,workbench,org.eclipse.ui.workbench,3.6.2.M20110210-1200,"",1373035921176
executed,command,org.eclipse.ui,3.6.2.M20110203-1100,"org.eclipse.ui.file.import",1373036352453
activated,workbench,org.eclipse.ui.workbench,3.6.2.M20110210-1200,"",1373036352490
deactivated,workbench,org.eclipse.ui.workbench,3.6.2.M20110210-1200,"",1373036358762
closed,workbench,org.eclipse.ui.workbench,3.6.2.M20110210-1200,"",1373036369840
stopped,bundle,org.eclipse.mylyn.ide.ant,3.7.1.v20120425-0100,"org.eclipse.mylyn.ide.ant",1373036370305
stopped,bundle,org.eclipse.ant.ui,3.5.0.v20100427,"org.eclipse.ant.ui",1373036370352
stopped,bundle,org.eclipse.ant.launching,1.0.1.v20101020_r362,"org.eclipse.ant.launching",1373036370367
stopped,bundle,org.eclipse.equinox.p2.ui.sdk,1.0.100.v20100513,"org.eclipse.equinox.p2.ui.sdk",1373036370380
stopped,bundle,overlay.com.android.ide.eclipse.adt.overlay,22.0.1.v201305230001--685705,"overlay.com.android.ide.eclipse.adt.overlay",1373036370381
stopped,bundle,com.android.ide.eclipse.adt,22.0.1.v201305230001--685705,"com.android.ide.eclipse.adt",1373036370381
stopped,bundle,org.eclipse.mylyn.java.tasks,3.7.1.v20120425-0100,"org.eclipse.mylyn.java.tasks",1373036370394
stopped,bundle,org.eclipse.mylyn.java.ui,3.7.1.v20120425-0100,"org.eclipse.mylyn.java.ui",1373036370400
stopped,bundle,org.eclipse.jdt.junit,3.6.1.r361_v20100825-0800,"org.eclipse.jdt.junit",1373036370414
stopped,bundle,org.eclipse.jdt.apt.ui,3.3.300.v20100513-0845,"org.eclipse.jdt.apt.ui",1373036370426
stopped,bundle,org.eclipse.jdt.debug.ui,3.5.2.v20100928a_r362,"org.eclipse.jdt.debug.ui",1373036370427
stopped,bundle,org.eclipse.jdt.ui,3.6.2.r362_v20110203,"org.eclipse.jdt.ui",1373036370427
stopped,bundle,org.eclipse.wst.dtd.ui,1.0.500.v201004290328,"org.eclipse.wst.dtd.ui",1373036370432
stopped,bundle,org.eclipse.wst.xsd.ui,1.2.304.v201101251958,"org.eclipse.wst.xsd.ui",1373036370448
stopped,bundle,org.eclipse.wst.xml.ui,1.1.103.v201101122108,"org.eclipse.wst.xml.ui",1373036370462
stopped,bundle,org.eclipse.wst.common.ui,1.1.500.v200911190730,"org.eclipse.wst.common.ui",1373036370483
stopped,bundle,org.eclipse.wst.sse.ui,1.2.3.v201102102045,"org.eclipse.wst.sse.ui",1373036370508
stopped,bundle,org.eclipse.search,3.6.0.v20100520-0800,"org.eclipse.search",1373036370508
stopped,bundle,org.eclipse.mylyn.commons.team,0.9.1.v20120412-0100,"org.eclipse.mylyn.commons.team",1373036370517
stopped,bundle,org.eclipse.mylyn.team.ui,3.7.1.v20120425-0100,"org.eclipse.mylyn.team.ui",1373036370517
stopped,bundle,org.eclipse.ui.navigator.resources,3.4.202.M20101124-0800,"org.eclipse.ui.navigator.resources",1373036370537
stopped,bundle,org.eclipse.ltk.ui.refactoring,3.5.0.v20100526-0800,"org.eclipse.ltk.ui.refactoring",1373036370537
stopped,bundle,org.eclipse.team.cvs.ui,3.3.302.R36x_v20110203-1036,"org.eclipse.team.cvs.ui",1373036370537
stopped,bundle,org.eclipse.team.ui,3.5.102.R36x_v20110203-1036,"org.eclipse.team.ui",1373036370538
stopped,bundle,org.eclipse.mylyn.bugzilla.ui,3.7.1.v20120425-0100,"org.eclipse.mylyn.bugzilla.ui",1373036370538
stopped,bundle,org.eclipse.mylyn.ide.ui,3.7.1.v20120425-0100,"org.eclipse.mylyn.ide.ui",1373036370547
stopped,bundle,org.eclipse.mylyn.resources.ui,3.7.1.v20120425-0100,"org.eclipse.mylyn.resources.ui",1373036370548
stopped,bundle,org.eclipse.mylyn.context.tasks.ui,3.7.1.v20120425-0100,"org.eclipse.mylyn.context.tasks.ui",1373036370548
